{
  "metrics": {
    "accuracy": 0.202,
    "macro_f1": 0.11196366550185062,
    "weighted_f1": 0.1119636655018506,
    "macro_precision": 0.3116521509633149,
    "macro_recall": 0.202
  },
  "classification_report": {
    "Java Spring相关": {
      "precision": 1.0,
      "recall": 0.01,
      "f1-score": 0.019801980198019802,
      "support": 100.0
    },
    "代码补全": {
      "precision": 0.0,
      "recall": 0.0,
      "f1-score": 0.0,
      "support": 100.0
    },
    "动态规划": {
      "precision": 0.19714964370546317,
      "recall": 0.83,
      "f1-score": 0.31861804222648754,
      "support": 100.0
    },
    "排序算法": {
      "precision": 0.25,
      "recall": 0.15,
      "f1-score": 0.1875,
      "support": 100.0
    },
    "搜索算法": {
      "precision": 0.1111111111111111,
      "recall": 0.02,
      "f1-score": 0.03389830508474576,
      "support": 100.0
    },
    "accuracy": 0.202,
    "macro avg": {
      "precision": 0.3116521509633149,
      "recall": 0.202,
      "f1-score": 0.11196366550185062,
      "support": 500.0
    },
    "weighted avg": {
      "precision": 0.31165215096331483,
      "recall": 0.202,
      "f1-score": 0.1119636655018506,
      "support": 500.0
    }
  },
  "elapsed_seconds": 143.9431872367859,
  "throughput_samples_per_second": 3.473592669429379,
  "model_name": "nghuyong/ernie-2.0-base-en",
  "test_samples": 500,
  "num_labels": 5
}