{
  "metrics": {
    "accuracy": 0.916,
    "macro_f1": 0.9161563261853825,
    "weighted_f1": 0.9161563261853823,
    "macro_precision": 0.9163648247177658,
    "macro_recall": 0.916
  },
  "classification_report": {
    "Java Spring相关": {
      "precision": 0.9797979797979798,
      "recall": 0.97,
      "f1-score": 0.9748743718592965,
      "support": 100.0
    },
    "代码补全": {
      "precision": 0.93,
      "recall": 0.93,
      "f1-score": 0.93,
      "support": 100.0
    },
    "动态规划": {
      "precision": 0.8888888888888888,
      "recall": 0.88,
      "f1-score": 0.8844221105527639,
      "support": 100.0
    },
    "排序算法": {
      "precision": 0.94,
      "recall": 0.94,
      "f1-score": 0.94,
      "support": 100.0
    },
    "搜索算法": {
      "precision": 0.8431372549019608,
      "recall": 0.86,
      "f1-score": 0.8514851485148515,
      "support": 100.0
    },
    "accuracy": 0.916,
    "macro avg": {
      "precision": 0.9163648247177658,
      "recall": 0.916,
      "f1-score": 0.9161563261853825,
      "support": 500.0
    },
    "weighted avg": {
      "precision": 0.9163648247177658,
      "recall": 0.916,
      "f1-score": 0.9161563261853823,
      "support": 500.0
    }
  },
  "method": "stack_lgb",
  "method_name": "Stacking (stack_lgb)",
  "base_models": [
    "tfidf_lr",
    "tfidf_svm",
    "tfidf_nb",
    "fasttext",
    "roberta-base",
    "roberta-large"
  ],
  "stacked_features": 30,
  "train_time_seconds": 1.248,
  "infer_time_seconds": 0.014,
  "throughput_samples_per_second": 36588.02,
  "test_samples": 500,
  "num_labels": 5
}