{
  "metrics": {
    "accuracy": 0.188,
    "macro_f1": 0.10154906714742593,
    "weighted_f1": 0.10154906714742594,
    "macro_precision": 0.1233048433048433,
    "macro_recall": 0.188
  },
  "classification_report": {
    "Java Spring相关": {
      "precision": 0.2857142857142857,
      "recall": 0.02,
      "f1-score": 0.037383177570093455,
      "support": 100.0
    },
    "代码补全": {
      "precision": 0.11428571428571428,
      "recall": 0.16,
      "f1-score": 0.13333333333333333,
      "support": 100.0
    },
    "动态规划": {
      "precision": 0.21652421652421652,
      "recall": 0.76,
      "f1-score": 0.3370288248337029,
      "support": 100.0
    },
    "排序算法": {
      "precision": 0.0,
      "recall": 0.0,
      "f1-score": 0.0,
      "support": 100.0
    },
    "搜索算法": {
      "precision": 0.0,
      "recall": 0.0,
      "f1-score": 0.0,
      "support": 100.0
    },
    "accuracy": 0.188,
    "macro avg": {
      "precision": 0.1233048433048433,
      "recall": 0.188,
      "f1-score": 0.10154906714742593,
      "support": 500.0
    },
    "weighted avg": {
      "precision": 0.1233048433048433,
      "recall": 0.188,
      "f1-score": 0.10154906714742594,
      "support": 500.0
    }
  },
  "elapsed_seconds": 160.28840160369873,
  "throughput_samples_per_second": 3.119377291166788,
  "model_name": "albert-base-v2",
  "test_samples": 500,
  "num_labels": 5
}