{
  "metrics": {
    "accuracy": 0.2,
    "macro_f1": 0.06700167504187605,
    "weighted_f1": 0.06700167504187605,
    "macro_precision": 0.04024144869215292,
    "macro_recall": 0.2
  },
  "classification_report": {
    "Java Spring相关": {
      "precision": 0.0,
      "recall": 0.0,
      "f1-score": 0.0,
      "support": 100.0
    },
    "代码补全": {
      "precision": 0.0,
      "recall": 0.0,
      "f1-score": 0.0,
      "support": 100.0
    },
    "动态规划": {
      "precision": 0.0,
      "recall": 0.0,
      "f1-score": 0.0,
      "support": 100.0
    },
    "排序算法": {
      "precision": 0.2012072434607646,
      "recall": 1.0,
      "f1-score": 0.33500837520938026,
      "support": 100.0
    },
    "搜索算法": {
      "precision": 0.0,
      "recall": 0.0,
      "f1-score": 0.0,
      "support": 100.0
    },
    "accuracy": 0.2,
    "macro avg": {
      "precision": 0.04024144869215292,
      "recall": 0.2,
      "f1-score": 0.06700167504187605,
      "support": 500.0
    },
    "weighted avg": {
      "precision": 0.040241448692152924,
      "recall": 0.2,
      "f1-score": 0.06700167504187605,
      "support": 500.0
    }
  },
  "elapsed_seconds": 109.81378841400146,
  "throughput_samples_per_second": 4.553162287007021,
  "model_name": "bert-base-uncased",
  "test_samples": 500,
  "num_labels": 5
}